"광주시, 인공지능사관학교 교육생 모집",https://www.nocutnews.co.kr/news/5337439
광주 인공지능사관학교 경쟁률 5.8:1,http://news.kbs.co.kr/news/view.do?ncd=4460292&ref=A
"호남대, 광주AI사관학교 1기 교육생 모집",https://www.nocutnews.co.kr/news/5342966
인공지능 사관학교 교육생 모집 인기…6월 20일 선발시험,http://yna.kr/AKR20200519050400054?did=1195m
광주인공지능사관학교 교육생 경쟁률 4대1 '인기',http://www.etnews.com/20200527000057
"'부럽지’ 지숙-이두희, 광주 출장 모습 공개",http://www.kjdaily.com/read.php3?aid=1592089705513909208
광주 인공지능 사관학교 입학 '좋아요',http://www.namdonews.com/news/articleView.html?idxno=576740
인공지능 사관학교 설립 협약,http://yna.kr/PYH20191119152700054?did=1196m
"광주시, 인공지능 중심도시 실무인재 양성 닻 올렸다",http://www.betanews.net:8080/article/1201534.html
광주 인공지능사관학교 인기 ‘돌풍’,http://www.hankookilbo.com/news/npath/202006021080084961?did=NA
"광주시, 인공지능사관학교 교육생 모집",https://www.nocutnews.co.kr/news/5337439
광주 인공지능사관학교 경쟁률 5.8:1,http://news.kbs.co.kr/news/view.do?ncd=4460292&ref=A
"호남대, 광주AI사관학교 1기 교육생 모집",https://www.nocutnews.co.kr/news/5342966
인공지능 사관학교 교육생 모집 인기…6월 20일 선발시험,http://yna.kr/AKR20200519050400054?did=1195m
광주인공지능사관학교 교육생 경쟁률 4대1 '인기',http://www.etnews.com/20200527000057
"'부럽지’ 지숙-이두희, 광주 출장 모습 공개",http://www.kjdaily.com/read.php3?aid=1592089705513909208
광주 인공지능 사관학교 입학 '좋아요',http://www.namdonews.com/news/articleView.html?idxno=576740
인공지능 사관학교 설립 협약,http://yna.kr/PYH20191119152700054?did=1196m
"광주시, 인공지능 중심도시 실무인재 양성 닻 올렸다",http://www.betanews.net:8080/article/1201534.html
광주 인공지능사관학교 인기 ‘돌풍’,http://www.hankookilbo.com/news/npath/202006021080084961?did=NA
"광주시, 인공지능사관학교 교육생 모집",https://www.nocutnews.co.kr/news/5337439
광주 인공지능사관학교 경쟁률 5.8:1,http://news.kbs.co.kr/news/view.do?ncd=4460292&ref=A
"호남대, 광주AI사관학교 1기 교육생 모집",https://www.nocutnews.co.kr/news/5342966
인공지능 사관학교 교육생 모집 인기…6월 20일 선발시험,http://yna.kr/AKR20200519050400054?did=1195m
광주인공지능사관학교 교육생 경쟁률 4대1 '인기',http://www.etnews.com/20200527000057
"'부럽지’ 지숙-이두희, 광주 출장 모습 공개",http://www.kjdaily.com/read.php3?aid=1592089705513909208
광주 인공지능 사관학교 입학 '좋아요',http://www.namdonews.com/news/articleView.html?idxno=576740
인공지능 사관학교 설립 협약,http://yna.kr/PYH20191119152700054?did=1196m
"광주시, 인공지능 중심도시 실무인재 양성 닻 올렸다",http://www.betanews.net:8080/article/1201534.html
광주 인공지능사관학교 인기 ‘돌풍’,http://www.hankookilbo.com/news/npath/202006021080084961?did=NA
"광주시, 인공지능사관학교 교육생 모집",https://www.nocutnews.co.kr/news/5337439
광주 인공지능사관학교 경쟁률 5.8:1,http://news.kbs.co.kr/news/view.do?ncd=4460292&ref=A
"호남대, 광주AI사관학교 1기 교육생 모집",https://www.nocutnews.co.kr/news/5342966
인공지능 사관학교 교육생 모집 인기…6월 20일 선발시험,http://yna.kr/AKR20200519050400054?did=1195m
광주인공지능사관학교 교육생 경쟁률 4대1 '인기',http://www.etnews.com/20200527000057
"'부럽지’ 지숙-이두희, 광주 출장 모습 공개",http://www.kjdaily.com/read.php3?aid=1592089705513909208
광주 인공지능 사관학교 입학 '좋아요',http://www.namdonews.com/news/articleView.html?idxno=576740
인공지능 사관학교 설립 협약,http://yna.kr/PYH20191119152700054?did=1196m
"광주시, 인공지능 중심도시 실무인재 양성 닻 올렸다",http://www.betanews.net:8080/article/1201534.html
광주 인공지능사관학교 인기 ‘돌풍’,http://www.hankookilbo.com/news/npath/202006021080084961?did=NA
"광주시, 인공지능사관학교 교육생 모집",https://www.nocutnews.co.kr/news/5337439
광주 인공지능사관학교 경쟁률 5.8:1,http://news.kbs.co.kr/news/view.do?ncd=4460292&ref=A
"호남대, 광주AI사관학교 1기 교육생 모집",https://www.nocutnews.co.kr/news/5342966
인공지능 사관학교 교육생 모집 인기…6월 20일 선발시험,http://yna.kr/AKR20200519050400054?did=1195m
광주인공지능사관학교 교육생 경쟁률 4대1 '인기',http://www.etnews.com/20200527000057
"'부럽지’ 지숙-이두희, 광주 출장 모습 공개",http://www.kjdaily.com/read.php3?aid=1592089705513909208
광주 인공지능 사관학교 입학 '좋아요',http://www.namdonews.com/news/articleView.html?idxno=576740
인공지능 사관학교 설립 협약,http://yna.kr/PYH20191119152700054?did=1196m
"광주시, 인공지능 중심도시 실무인재 양성 닻 올렸다",http://www.betanews.net:8080/article/1201534.html
광주 인공지능사관학교 인기 ‘돌풍’,http://www.hankookilbo.com/news/npath/202006021080084961?did=NA
"광주시, 인공지능사관학교 교육생 모집",https://www.nocutnews.co.kr/news/5337439
광주 인공지능사관학교 경쟁률 5.8:1,http://news.kbs.co.kr/news/view.do?ncd=4460292&ref=A
"호남대, 광주AI사관학교 1기 교육생 모집",https://www.nocutnews.co.kr/news/5342966
인공지능 사관학교 교육생 모집 인기…6월 20일 선발시험,http://yna.kr/AKR20200519050400054?did=1195m
광주인공지능사관학교 교육생 경쟁률 4대1 '인기',http://www.etnews.com/20200527000057
"'부럽지’ 지숙-이두희, 광주 출장 모습 공개",http://www.kjdaily.com/read.php3?aid=1592089705513909208
광주 인공지능 사관학교 입학 '좋아요',http://www.namdonews.com/news/articleView.html?idxno=576740
인공지능 사관학교 설립 협약,http://yna.kr/PYH20191119152700054?did=1196m
"광주시, 인공지능 중심도시 실무인재 양성 닻 올렸다",http://www.betanews.net:8080/article/1201534.html
광주 인공지능사관학교 인기 ‘돌풍’,http://www.hankookilbo.com/news/npath/202006021080084961?did=NA
"광주시, 인공지능사관학교 교육생 모집",https://www.nocutnews.co.kr/news/5337439
광주 인공지능사관학교 경쟁률 5.8:1,http://news.kbs.co.kr/news/view.do?ncd=4460292&ref=A
"호남대, 광주AI사관학교 1기 교육생 모집",https://www.nocutnews.co.kr/news/5342966
인공지능 사관학교 교육생 모집 인기…6월 20일 선발시험,http://yna.kr/AKR20200519050400054?did=1195m
광주인공지능사관학교 교육생 경쟁률 4대1 '인기',http://www.etnews.com/20200527000057
"'부럽지’ 지숙-이두희, 광주 출장 모습 공개",http://www.kjdaily.com/read.php3?aid=1592089705513909208
광주 인공지능 사관학교 입학 '좋아요',http://www.namdonews.com/news/articleView.html?idxno=576740
인공지능 사관학교 설립 협약,http://yna.kr/PYH20191119152700054?did=1196m
"광주시, 인공지능 중심도시 실무인재 양성 닻 올렸다",http://www.betanews.net:8080/article/1201534.html
광주 인공지능사관학교 인기 ‘돌풍’,http://www.hankookilbo.com/news/npath/202006021080084961?did=NA
"광주시, 인공지능사관학교 교육생 모집",https://www.nocutnews.co.kr/news/5337439
광주 인공지능사관학교 경쟁률 5.8:1,http://news.kbs.co.kr/news/view.do?ncd=4460292&ref=A
"호남대, 광주AI사관학교 1기 교육생 모집",https://www.nocutnews.co.kr/news/5342966
인공지능 사관학교 교육생 모집 인기…6월 20일 선발시험,http://yna.kr/AKR20200519050400054?did=1195m
광주인공지능사관학교 교육생 경쟁률 4대1 '인기',http://www.etnews.com/20200527000057
"'부럽지’ 지숙-이두희, 광주 출장 모습 공개",http://www.kjdaily.com/read.php3?aid=1592089705513909208
광주 인공지능 사관학교 입학 '좋아요',http://www.namdonews.com/news/articleView.html?idxno=576740
인공지능 사관학교 설립 협약,http://yna.kr/PYH20191119152700054?did=1196m
"광주시, 인공지능 중심도시 실무인재 양성 닻 올렸다",http://www.betanews.net:8080/article/1201534.html
광주 인공지능사관학교 인기 ‘돌풍’,http://www.hankookilbo.com/news/npath/202006021080084961?did=NA
"광주시, 인공지능사관학교 교육생 모집",https://www.nocutnews.co.kr/news/5337439
광주 인공지능사관학교 경쟁률 5.8:1,http://news.kbs.co.kr/news/view.do?ncd=4460292&ref=A
"호남대, 광주AI사관학교 1기 교육생 모집",https://www.nocutnews.co.kr/news/5342966
인공지능 사관학교 교육생 모집 인기…6월 20일 선발시험,http://yna.kr/AKR20200519050400054?did=1195m
광주인공지능사관학교 교육생 경쟁률 4대1 '인기',http://www.etnews.com/20200527000057
"'부럽지’ 지숙-이두희, 광주 출장 모습 공개",http://www.kjdaily.com/read.php3?aid=1592089705513909208
광주 인공지능 사관학교 입학 '좋아요',http://www.namdonews.com/news/articleView.html?idxno=576740
인공지능 사관학교 설립 협약,http://yna.kr/PYH20191119152700054?did=1196m
"광주시, 인공지능 중심도시 실무인재 양성 닻 올렸다",http://www.betanews.net:8080/article/1201534.html
광주 인공지능사관학교 인기 ‘돌풍’,http://www.hankookilbo.com/news/npath/202006021080084961?did=NA
"광주시, 인공지능사관학교 교육생 모집",https://www.nocutnews.co.kr/news/5337439
광주 인공지능사관학교 경쟁률 5.8:1,http://news.kbs.co.kr/news/view.do?ncd=4460292&ref=A
"호남대, 광주AI사관학교 1기 교육생 모집",https://www.nocutnews.co.kr/news/5342966
인공지능 사관학교 교육생 모집 인기…6월 20일 선발시험,http://yna.kr/AKR20200519050400054?did=1195m
광주인공지능사관학교 교육생 경쟁률 4대1 '인기',http://www.etnews.com/20200527000057
"'부럽지’ 지숙-이두희, 광주 출장 모습 공개",http://www.kjdaily.com/read.php3?aid=1592089705513909208
광주 인공지능 사관학교 입학 '좋아요',http://www.namdonews.com/news/articleView.html?idxno=576740
인공지능 사관학교 설립 협약,http://yna.kr/PYH20191119152700054?did=1196m
"광주시, 인공지능 중심도시 실무인재 양성 닻 올렸다",http://www.betanews.net:8080/article/1201534.html
광주 인공지능사관학교 인기 ‘돌풍’,http://www.hankookilbo.com/news/npath/202006021080084961?did=NA
"광주시, 인공지능사관학교 교육생 모집",https://www.nocutnews.co.kr/news/5337439
광주 인공지능사관학교 경쟁률 5.8:1,http://news.kbs.co.kr/news/view.do?ncd=4460292&ref=A
"호남대, 광주AI사관학교 1기 교육생 모집",https://www.nocutnews.co.kr/news/5342966
인공지능 사관학교 교육생 모집 인기…6월 20일 선발시험,http://yna.kr/AKR20200519050400054?did=1195m
광주인공지능사관학교 교육생 경쟁률 4대1 '인기',http://www.etnews.com/20200527000057
"'부럽지’ 지숙-이두희, 광주 출장 모습 공개",http://www.kjdaily.com/read.php3?aid=1592089705513909208
광주 인공지능 사관학교 입학 '좋아요',http://www.namdonews.com/news/articleView.html?idxno=576740
인공지능 사관학교 설립 협약,http://yna.kr/PYH20191119152700054?did=1196m
"광주시, 인공지능 중심도시 실무인재 양성 닻 올렸다",http://www.betanews.net:8080/article/1201534.html
광주 인공지능사관학교 인기 ‘돌풍’,http://www.hankookilbo.com/news/npath/202006021080084961?did=NA
